{"cameraMode":{"drawMode":0,"name":"Shaded","section":"Shading Mode"},"sceneLighting":true,"audioPlay":false,"sceneViewState":{"showFog":true,"showMaterialUpdate":false,"showSkybox":false,"showFlares":true,"showImageEffects":true,"showParticleSystems":true},"in2DMode":false,"pivot":{"x":-14.005311012268067,"y":2.9683024883270265,"z":-4.678243160247803},"rotation":{"x":0.02579154260456562,"y":0.03897373005747795,"z":-0.0009726890129968524,"w":0.9989068508148193},"size":34.93370819091797,"orthographic":false}