{"cameraMode":{"drawMode":0,"name":"Shaded","section":"Shading Mode"},"sceneLighting":false,"audioPlay":false,"sceneViewState":{"showFog":true,"showMaterialUpdate":false,"showSkybox":false,"showFlares":true,"showImageEffects":true,"showParticleSystems":true},"in2DMode":false,"pivot":{"x":-8.325971603393555,"y":8.746468544006348,"z":5.204342842102051},"rotation":{"x":0.024241644889116288,"y":0.0763993114233017,"z":-0.0018250157590955496,"w":0.9967809319496155},"size":38.91746139526367,"orthographic":false}