{"cameraMode":{"drawMode":0,"name":"Shaded","section":"Shading Mode"},"sceneLighting":true,"audioPlay":false,"sceneViewState":{"showFog":true,"showMaterialUpdate":false,"showSkybox":true,"showFlares":true,"showImageEffects":true,"showParticleSystems":true},"in2DMode":false,"pivot":{"x":0.0030667781829833986,"y":0.12065303325653076,"z":0.04800000041723251},"rotation":{"x":-0.07870005816221237,"y":0.9065633416175842,"z":-0.1949429214000702,"w":-0.3659871220588684},"size":5.10586404800415,"orthographic":false}