{"cameraMode":{"drawMode":0,"name":"Shaded","section":"Shading Mode"},"sceneLighting":true,"audioPlay":false,"sceneViewState":{"showFog":true,"showMaterialUpdate":false,"showSkybox":true,"showFlares":true,"showImageEffects":true,"showParticleSystems":true},"in2DMode":false,"pivot":{"x":0.06971569359302521,"y":0.16217121481895448,"z":0.0},"rotation":{"x":0.11830572038888931,"y":0.811968982219696,"z":-0.17672954499721528,"w":0.5435777902603149},"size":0.42863553762435915,"orthographic":false}